{
  "validation_accuracy": 0.9523809523809523,
  "validation_precision": 0.9523809523809523,
  "validation_report": "              precision    recall  f1-score   support\n\n        left       0.95      0.95      0.95        21\n       right       0.95      0.95      0.95        21\n\n    accuracy                           0.95        42\n   macro avg       0.95      0.95      0.95        42\nweighted avg       0.95      0.95      0.95        42\n",
  "validation_confusion_matrix": [
    [
      20,
      1
    ],
    [
      1,
      20
    ]
  ],
  "test_accuracy": 0.9047619047619048,
  "test_precision": 0.9473684210526315,
  "test_report": "              precision    recall  f1-score   support\n\n        left       0.87      0.95      0.91        21\n       right       0.95      0.86      0.90        21\n\n    accuracy                           0.90        42\n   macro avg       0.91      0.90      0.90        42\nweighted avg       0.91      0.90      0.90        42\n",
  "test_confusion_matrix": [
    [
      20,
      1
    ],
    [
      3,
      18
    ]
  ],
  "train_accuracy": 0.9587628865979382,
  "train_precision": 0.9405940594059405,
  "feature_importances": {
    "Roll_mean": 0.0,
    "Roll_std": 0.0,
    "Roll_min": 0.0,
    "Roll_max": 0.0,
    "Gyroscope_z_mean": 0.0,
    "Gyroscope_z_std": 0.0,
    "Gyroscope_z_min": 0.0,
    "Gyroscope_z_max": 0.0,
    "Gravity_x_mean": 0.0,
    "Gravity_x_std": 0.0,
    "Gravity_x_min": 0.0,
    "Gravity_x_max": 0.0,
    "Rot12_mean": 0.0,
    "Rot12_std": 0.0,
    "Rot12_min": 0.0,
    "Rot12_max": 0.0,
    "Rot13_mean": 0.1678124862861097,
    "Rot13_std": 0.0,
    "Rot13_min": 0.0,
    "Rot13_max": 0.0,
    "Rot21_mean": 0.0,
    "Rot21_std": 0.0,
    "Rot21_min": 0.0,
    "Rot21_max": 0.0,
    "Rot22_mean": 0.0,
    "Rot22_std": 0.0,
    "Rot22_min": 0.0,
    "Rot22_max": 0.0,
    "Rot23_mean": 0.0,
    "Rot23_std": 0.0,
    "Rot23_min": 0.0,
    "Rot23_max": 0.0,
    "Rot31_mean": 0.0,
    "Rot31_std": 0.0,
    "Rot31_min": 0.0,
    "Rot31_max": 0.0,
    "Rot32_mean": 0.18537263792514008,
    "Rot32_std": 0.0,
    "Rot32_min": 0.017317415774915884,
    "Rot32_max": 0.0,
    "Rot33_mean": 0.0,
    "Rot33_std": 0.0,
    "Rot33_min": 0.0,
    "Rot33_max": 0.0,
    "Gravity.y_mean": 0.0,
    "Gravity.y_std": 0.0,
    "Gravity.y_min": 0.0,
    "Gravity.y_max": 0.0,
    "Gravity.z_mean": 0.0,
    "Gravity.z_std": 0.0,
    "Gravity.z_min": 0.0,
    "Gravity.z_max": 0.0,
    "Accelerometer.x_mean": 0.0,
    "Accelerometer.x_std": 0.0,
    "Accelerometer.x_min": 0.0,
    "Accelerometer.x_max": 0.0,
    "Accelerometer.y_mean": 0.011976005065120428,
    "Accelerometer.y_std": 0.0,
    "Accelerometer.y_min": 0.0,
    "Accelerometer.y_max": 0.0,
    "Accelerometer.z_mean": 0.5805443384391907,
    "Accelerometer.z_std": 0.0,
    "Accelerometer.z_min": 0.0,
    "Accelerometer.z_max": 0.0,
    "Gyroscope.x_mean": 0.0,
    "Gyroscope.x_std": 0.0,
    "Gyroscope.x_min": 0.0,
    "Gyroscope.x_max": 0.0,
    "Gyroscope.y_mean": 0.0,
    "Gyroscope.y_std": 0.0,
    "Gyroscope.y_min": 0.0,
    "Gyroscope.y_max": 0.0,
    "Magnetometer.x_mean": 0.0,
    "Magnetometer.x_std": 0.03697711650952301,
    "Magnetometer.x_min": 0.0,
    "Magnetometer.x_max": 0.0,
    "Magnetometer.y_mean": 0.0,
    "Magnetometer.y_std": 0.0,
    "Magnetometer.y_min": 0.0,
    "Magnetometer.y_max": 0.0,
    "Magnetometer.z_mean": 0.0,
    "Magnetometer.z_std": 0.0,
    "Magnetometer.z_min": 0.0,
    "Magnetometer.z_max": 0.0,
    "duration": 0.0
  }
}