{
  "validation_accuracy": 0.96,
  "validation_precision": 0.9259259259259259,
  "validation_report": "              precision    recall  f1-score   support\n\n        left       1.00      0.92      0.96        25\n       right       0.93      1.00      0.96        25\n\n    accuracy                           0.96        50\n   macro avg       0.96      0.96      0.96        50\nweighted avg       0.96      0.96      0.96        50\n",
  "validation_confusion_matrix": [
    [
      23,
      2
    ],
    [
      0,
      25
    ]
  ],
  "test_accuracy": 0.96,
  "test_precision": 1.0,
  "test_report": "              precision    recall  f1-score   support\n\n        left       0.93      1.00      0.96        25\n       right       1.00      0.92      0.96        25\n\n    accuracy                           0.96        50\n   macro avg       0.96      0.96      0.96        50\nweighted avg       0.96      0.96      0.96        50\n",
  "test_confusion_matrix": [
    [
      25,
      0
    ],
    [
      2,
      23
    ]
  ],
  "train_accuracy": 1.0,
  "train_precision": 1.0,
  "feature_importances": {
    "Roll_mean": 0.027753636240959167,
    "Roll_std": 0.02215343713760376,
    "Roll_min": 0.0055880253203213215,
    "Roll_max": 0.0,
    "Gyroscope_z_mean": 0.0,
    "Gyroscope_z_std": 0.0,
    "Gyroscope_z_min": 0.0,
    "Gyroscope_z_max": 0.0,
    "Gravity_x_mean": 0.0,
    "Gravity_x_std": 0.0,
    "Gravity_x_min": 0.0,
    "Gravity_x_max": 0.0,
    "Rot12_mean": 0.010864327661693096,
    "Rot12_std": 0.01879425346851349,
    "Rot12_min": 0.010367459617555141,
    "Rot12_max": 0.02285519801080227,
    "Rot13_mean": 0.07794782519340515,
    "Rot13_std": 0.019239302724599838,
    "Rot13_min": 0.006797296926379204,
    "Rot13_max": 0.04110283404588699,
    "Rot21_mean": 0.004647877998650074,
    "Rot21_std": 0.010545256547629833,
    "Rot21_min": 0.03526287525892258,
    "Rot21_max": 0.0022577447816729546,
    "Rot22_mean": 0.060254938900470734,
    "Rot22_std": 0.01214036624878645,
    "Rot22_min": 0.009418755769729614,
    "Rot22_max": 0.021909581497311592,
    "Rot23_mean": 0.017488950863480568,
    "Rot23_std": 0.005588729400187731,
    "Rot23_min": 0.0,
    "Rot23_max": 0.0,
    "Rot31_mean": 0.011968227103352547,
    "Rot31_std": 0.015944158658385277,
    "Rot31_min": 0.0020630150102078915,
    "Rot31_max": 0.0048470101319253445,
    "Rot32_mean": 0.025956273078918457,
    "Rot32_std": 0.009990079328417778,
    "Rot32_min": 0.031022533774375916,
    "Rot32_max": 0.017913609743118286,
    "Rot33_mean": 0.04271158203482628,
    "Rot33_std": 0.0,
    "Rot33_min": 0.007130019832402468,
    "Rot33_max": 0.00214713579043746,
    "Gravity.y_mean": 0.0,
    "Gravity.y_std": 0.0,
    "Gravity.y_min": 0.0,
    "Gravity.y_max": 0.0,
    "Gravity.z_mean": 0.04936438053846359,
    "Gravity.z_std": 0.0,
    "Gravity.z_min": 0.0,
    "Gravity.z_max": 0.0,
    "Accelerometer.x_mean": 0.0,
    "Accelerometer.x_std": 0.0017658746801316738,
    "Accelerometer.x_min": 0.03218284994363785,
    "Accelerometer.x_max": 0.007285806350409985,
    "Accelerometer.y_mean": 0.003529895329847932,
    "Accelerometer.y_std": 0.014742360450327396,
    "Accelerometer.y_min": 0.0033362999092787504,
    "Accelerometer.y_max": 0.002677160780876875,
    "Accelerometer.z_mean": 0.09760290384292603,
    "Accelerometer.z_std": 0.0,
    "Accelerometer.z_min": 0.013230519369244576,
    "Accelerometer.z_max": 0.0,
    "Gyroscope.x_mean": 0.0,
    "Gyroscope.x_std": 0.005275709088891745,
    "Gyroscope.x_min": 0.0,
    "Gyroscope.x_max": 0.005617737770080566,
    "Gyroscope.y_mean": 0.0,
    "Gyroscope.y_std": 0.00302415294572711,
    "Gyroscope.y_min": 0.004551619756966829,
    "Gyroscope.y_max": 0.0013993929605931044,
    "Magnetometer.x_mean": 0.03369765356183052,
    "Magnetometer.x_std": 0.02101208083331585,
    "Magnetometer.x_min": 0.01646283082664013,
    "Magnetometer.x_max": 0.02285643108189106,
    "Magnetometer.y_mean": 0.00418049143627286,
    "Magnetometer.y_std": 0.014326861128211021,
    "Magnetometer.y_min": 0.012349116615951061,
    "Magnetometer.y_max": 0.006899029016494751,
    "Magnetometer.z_mean": 0.001550157438032329,
    "Magnetometer.z_std": 0.0,
    "Magnetometer.z_min": 0.0,
    "Magnetometer.z_max": 0.0,
    "duration": 0.00640633562579751
  }
}