{
  "validation_accuracy": 0.92,
  "validation_precision": 0.92,
  "validation_report": "              precision    recall  f1-score   support\n\n        left       0.92      0.92      0.92        25\n       right       0.92      0.92      0.92        25\n\n    accuracy                           0.92        50\n   macro avg       0.92      0.92      0.92        50\nweighted avg       0.92      0.92      0.92        50\n",
  "validation_confusion_matrix": [
    [
      23,
      2
    ],
    [
      2,
      23
    ]
  ],
  "test_accuracy": 0.88,
  "test_precision": 0.9523809523809523,
  "test_report": "              precision    recall  f1-score   support\n\n        left       0.83      0.96      0.89        25\n       right       0.95      0.80      0.87        25\n\n    accuracy                           0.88        50\n   macro avg       0.89      0.88      0.88        50\nweighted avg       0.89      0.88      0.88        50\n",
  "test_confusion_matrix": [
    [
      24,
      1
    ],
    [
      5,
      20
    ]
  ],
  "train_accuracy": 0.9741379310344828,
  "train_precision": 0.990990990990991,
  "feature_importances": {
    "Roll_mean": 0.02631880809968587,
    "Roll_std": 0.018397891057823967,
    "Roll_min": 0.009350955483852483,
    "Roll_max": 0.0006071678418464663,
    "Gyroscope_z_mean": 0.0,
    "Gyroscope_z_std": 0.0,
    "Gyroscope_z_min": 0.0,
    "Gyroscope_z_max": 0.0,
    "Gravity_x_mean": 0.0,
    "Gravity_x_std": 0.0,
    "Gravity_x_min": 0.0,
    "Gravity_x_max": 0.0,
    "Rot12_mean": 0.0035385209721454196,
    "Rot12_std": 0.0,
    "Rot12_min": 0.0060689329724689395,
    "Rot12_max": 0.0033317029142098126,
    "Rot13_mean": 0.0074516147438708265,
    "Rot13_std": 0.00351656723364394,
    "Rot13_min": 0.00409484881990651,
    "Rot13_max": 0.019233854124883768,
    "Rot21_mean": 0.06930942670118496,
    "Rot21_std": 0.005508574700082879,
    "Rot21_min": 0.04917370732774782,
    "Rot21_max": 0.008702840101627706,
    "Rot22_mean": 0.018476851027291054,
    "Rot22_std": 0.002372435333079716,
    "Rot22_min": 0.004604985201172606,
    "Rot22_max": 0.0026822721945656855,
    "Rot23_mean": 8.013308197588134e-05,
    "Rot23_std": 0.0,
    "Rot23_min": 0.0003150024336275207,
    "Rot23_max": 0.0041324877940512456,
    "Rot31_mean": 0.005195621813490575,
    "Rot31_std": 0.00936638402458765,
    "Rot31_min": 0.0005137345065239971,
    "Rot31_max": 0.019528175179686517,
    "Rot32_mean": 0.064173641490642,
    "Rot32_std": 0.015194529152443082,
    "Rot32_min": 0.010011311217024714,
    "Rot32_max": 0.01704822868220775,
    "Rot33_mean": 0.07163217612837032,
    "Rot33_std": 0.0037972524274456085,
    "Rot33_min": 0.00969620016267238,
    "Rot33_max": 0.005033896188242799,
    "Gravity.y_mean": 0.00361390424420052,
    "Gravity.y_std": 0.0031826357306708633,
    "Gravity.y_min": 0.0006794427301534057,
    "Gravity.y_max": 0.002751525831185624,
    "Gravity.z_mean": 0.06377133171010713,
    "Gravity.z_std": 0.00030410982013652873,
    "Gravity.z_min": 0.038541181717975256,
    "Gravity.z_max": 0.02031461188060688,
    "Accelerometer.x_mean": 0.005885119599578495,
    "Accelerometer.x_std": 0.0002807495731357646,
    "Accelerometer.x_min": 0.0025578729313373016,
    "Accelerometer.x_max": 0.014173158520040531,
    "Accelerometer.y_mean": 0.002283592526282596,
    "Accelerometer.y_std": 0.01920809137903502,
    "Accelerometer.y_min": 0.0,
    "Accelerometer.y_max": 0.007259697587701666,
    "Accelerometer.z_mean": 0.18198792652139567,
    "Accelerometer.z_std": 6.278287897851679e-05,
    "Accelerometer.z_min": 0.04396014659684409,
    "Accelerometer.z_max": 0.009726725777371905,
    "Gyroscope.x_mean": 0.0013612461166306199,
    "Gyroscope.x_std": 0.0008364912334301695,
    "Gyroscope.x_min": 0.0,
    "Gyroscope.x_max": 0.00019879363065439,
    "Gyroscope.y_mean": 0.0016634289531256689,
    "Gyroscope.y_std": 0.00031066767662079036,
    "Gyroscope.y_min": 0.002643922584969536,
    "Gyroscope.y_max": 0.0012535348139985905,
    "Magnetometer.x_mean": 0.00999122233578786,
    "Magnetometer.x_std": 0.020133488534607447,
    "Magnetometer.x_min": 0.008928019592912234,
    "Magnetometer.x_max": 0.007993795716464044,
    "Magnetometer.y_mean": 0.005856051929377635,
    "Magnetometer.y_std": 0.004733223367840211,
    "Magnetometer.y_min": 0.0024122667918030053,
    "Magnetometer.y_max": 0.004093381137590538,
    "Magnetometer.z_mean": 0.0018529664965366483,
    "Magnetometer.z_std": 0.0010126142915276868,
    "Magnetometer.z_min": 0.003946831740526406,
    "Magnetometer.z_max": 0.0017727143647761174,
    "duration": 0.0
  }
}