cv_fold_idx,accuracy
0,1.0
1,0.8717948717948718
2,0.9743589743589743
3,0.8974358974358975
4,0.868421052631579
