cv_fold_idx,accuracy
0,0.851063829787234
1,0.9787234042553191
2,0.9782608695652174
3,0.9130434782608695
4,0.8913043478260869
