cv_fold_idx,accuracy
0,0.8936170212765957
1,1.0
2,0.9782608695652174
3,0.9782608695652174
4,0.9565217391304348
