cv_fold_idx,accuracy
0,0.9444444444444444
1,0.9444444444444444
2,1.0
3,0.8823529411764706
4,1.0
